Modelo,Accuracy,Recall,F1-Score,AUC-ROC,Specificity,MCC
Random Forest,0.961038961038961,0.8636363636363636,0.9268292682926829,0.9863636363636364,1.0,0.9049671360007385
MLP,0.9090909090909091,0.9090909090909091,0.8510638297872342,0.9752066115702479,0.9090909090909091,0.7893522173763263
Logistic Regression,0.922077922077922,0.9090909090909091,0.8695652173913043,0.9628099173553719,0.9272727272727272,0.815725937451695
